{
  "method": "baseline",
  "timestamp": "2026-07-14T06:34:08-07:00",
  "source_image": "DC120-flash-raw.kdc",
  "target_dimensions": {
    "width": 1301,
    "height": 976
  },
  "stats": {
    "mean": 1.2344001428531814,
    "median": 1.2339159999974072,
    "min": 1.217173000011826,
    "max": 1.251373999984935,
    "stddev": 0.012041947397381321
  },
  "sample_pixels": {
    "0,0": {
      "r": 65535,
      "g": 65535,
      "b": 65535
    },
    "0,1300": {
      "r": 29812,
      "g": 31354,
      "b": 25443
    },
    "975,0": {
      "r": 55512,
      "g": 56283,
      "b": 56026
    },
    "975,1300": {
      "r": 20560,
      "g": 9252,
      "b": 6425
    },
    "487,650": {
      "r": 28498,
      "g": 22576,
      "b": 25515
    },
    "0,650": {
      "r": 42489,
      "g": 43433,
      "b": 42405
    },
    "975,650": {
      "r": 23650,
      "g": 23996,
      "b": 24689
    },
    "487,0": {
      "r": 53456,
      "g": 54998,
      "b": 55255
    },
    "487,1300": {
      "r": 17733,
      "g": 17476,
      "b": 15163
    }
  }
}
